{
  "authors POST" : {
    "transaction" : "authors POST",
    "sampleCount" : 100,
    "errorCount" : 0,
    "errorPct" : 0.0,
    "meanResTime" : 129.19999999999993,
    "medianResTime" : 115.5,
    "minResTime" : 104.0,
    "maxResTime" : 691.0,
    "pct1ResTime" : 132.0,
    "pct2ResTime" : 154.74999999999994,
    "pct3ResTime" : 690.81,
    "throughput" : 34.494653328734046,
    "receivedKBytesPerSec" : 23.048087702656087,
    "sentKBytesPerSec" : 10.382082183511555
  },
  "activities DELETE " : {
    "transaction" : "activities DELETE ",
    "sampleCount" : 100,
    "errorCount" : 0,
    "errorPct" : 0.0,
    "meanResTime" : 130.83000000000004,
    "medianResTime" : 116.0,
    "minResTime" : 105.0,
    "maxResTime" : 712.0,
    "pct1ResTime" : 140.70000000000002,
    "pct2ResTime" : 161.24999999999983,
    "pct3ResTime" : 711.6899999999998,
    "throughput" : 35.39823008849557,
    "receivedKBytesPerSec" : 20.01521017699115,
    "sentKBytesPerSec" : 7.781388274336282
  },
  "users DELETE" : {
    "transaction" : "users DELETE",
    "sampleCount" : 100,
    "errorCount" : 0,
    "errorPct" : 0.0,
    "meanResTime" : 115.45000000000005,
    "medianResTime" : 115.0,
    "minResTime" : 104.0,
    "maxResTime" : 155.0,
    "pct1ResTime" : 127.80000000000001,
    "pct2ResTime" : 129.0,
    "pct3ResTime" : 154.7899999999999,
    "throughput" : 38.12428516965307,
    "receivedKBytesPerSec" : 21.556602649637817,
    "sentKBytesPerSec" : 8.19448746664125
  },
  "coverPhotos all GET" : {
    "transaction" : "coverPhotos all GET",
    "sampleCount" : 100,
    "errorCount" : 0,
    "errorPct" : 0.0,
    "meanResTime" : 134.41000000000005,
    "medianResTime" : 118.0,
    "minResTime" : 105.0,
    "maxResTime" : 678.0,
    "pct1ResTime" : 134.8,
    "pct2ResTime" : 142.79999999999995,
    "pct3ResTime" : 677.96,
    "throughput" : 32.84072249589491,
    "receivedKBytesPerSec" : 676.9229782430214,
    "sentKBytesPerSec" : 6.47834564860427
  },
  "coverPhotosCoverPhotosForBook  GET" : {
    "transaction" : "coverPhotosCoverPhotosForBook  GET",
    "sampleCount" : 100,
    "errorCount" : 0,
    "errorPct" : 0.0,
    "meanResTime" : 116.00000000000001,
    "medianResTime" : 115.0,
    "minResTime" : 105.0,
    "maxResTime" : 144.0,
    "pct1ResTime" : 126.0,
    "pct2ResTime" : 129.89999999999998,
    "pct3ResTime" : 143.96999999999997,
    "throughput" : 39.904229848363926,
    "receivedKBytesPerSec" : 28.307063048683162,
    "sentKBytesPerSec" : 7.836660764166003
  },
  "authors all GET" : {
    "transaction" : "authors all GET",
    "sampleCount" : 100,
    "errorCount" : 0,
    "errorPct" : 0.0,
    "meanResTime" : 243.15999999999997,
    "medianResTime" : 229.5,
    "minResTime" : 207.0,
    "maxResTime" : 838.0,
    "pct1ResTime" : 252.9,
    "pct2ResTime" : 256.0,
    "pct3ResTime" : 837.7299999999999,
    "throughput" : 33.43363423604146,
    "receivedKBytesPerSec" : 1527.5654437270143,
    "sentKBytesPerSec" : 6.464706619859578
  },
  "authors DELETE" : {
    "transaction" : "authors DELETE",
    "sampleCount" : 100,
    "errorCount" : 0,
    "errorPct" : 0.0,
    "meanResTime" : 134.09,
    "medianResTime" : 119.5,
    "minResTime" : 104.0,
    "maxResTime" : 710.0,
    "pct1ResTime" : 148.0,
    "pct2ResTime" : 156.74999999999994,
    "pct3ResTime" : 709.6499999999999,
    "throughput" : 33.795201081446436,
    "receivedKBytesPerSec" : 19.10880998648192,
    "sentKBytesPerSec" : 7.329994297059818
  },
  "users all GET" : {
    "transaction" : "users all GET",
    "sampleCount" : 100,
    "errorCount" : 0,
    "errorPct" : 0.0,
    "meanResTime" : 113.21000000000001,
    "medianResTime" : 113.0,
    "minResTime" : 104.0,
    "maxResTime" : 129.0,
    "pct1ResTime" : 122.0,
    "pct2ResTime" : 123.94999999999999,
    "pct3ResTime" : 128.95999999999998,
    "throughput" : 38.98635477582846,
    "receivedKBytesPerSec" : 43.85964912280702,
    "sentKBytesPerSec" : 7.462231968810916
  },
  "books PUT" : {
    "transaction" : "books PUT",
    "sampleCount" : 100,
    "errorCount" : 0,
    "errorPct" : 0.0,
    "meanResTime" : 208.95000000000005,
    "medianResTime" : 120.0,
    "minResTime" : 104.0,
    "maxResTime" : 823.0,
    "pct1ResTime" : 713.9,
    "pct2ResTime" : 803.1499999999996,
    "pct3ResTime" : 822.98,
    "throughput" : 32.44646333549643,
    "receivedKBytesPerSec" : 24.509120498053214,
    "sentKBytesPerSec" : 12.946899334847503
  },
  "books POST" : {
    "transaction" : "books POST",
    "sampleCount" : 100,
    "errorCount" : 0,
    "errorPct" : 0.0,
    "meanResTime" : 248.70000000000007,
    "medianResTime" : 119.5,
    "minResTime" : 104.0,
    "maxResTime" : 818.0,
    "pct1ResTime" : 752.2000000000002,
    "pct2ResTime" : 790.5999999999997,
    "pct3ResTime" : 817.99,
    "throughput" : 32.93807641633729,
    "receivedKBytesPerSec" : 24.880470808629777,
    "sentKBytesPerSec" : 13.3006783185112
  },
  "activities GET" : {
    "transaction" : "activities GET",
    "sampleCount" : 100,
    "errorCount" : 0,
    "errorPct" : 0.0,
    "meanResTime" : 123.83999999999999,
    "medianResTime" : 116.0,
    "minResTime" : 104.0,
    "maxResTime" : 701.0,
    "pct1ResTime" : 127.9,
    "pct2ResTime" : 158.19999999999982,
    "pct3ResTime" : 696.0599999999974,
    "throughput" : 36.04902667627974,
    "receivedKBytesPerSec" : 25.334298395818312,
    "sentKBytesPerSec" : 7.149958318312906
  },
  "activities PUT " : {
    "transaction" : "activities PUT ",
    "sampleCount" : 100,
    "errorCount" : 0,
    "errorPct" : 0.0,
    "meanResTime" : 133.87,
    "medianResTime" : 115.0,
    "minResTime" : 104.0,
    "maxResTime" : 788.0,
    "pct1ResTime" : 143.40000000000003,
    "pct2ResTime" : 187.74999999999972,
    "pct3ResTime" : 787.81,
    "throughput" : 35.5998576005696,
    "receivedKBytesPerSec" : 24.57572200961196,
    "sentKBytesPerSec" : 11.47261035955856
  },
  "authors PUT" : {
    "transaction" : "authors PUT",
    "sampleCount" : 100,
    "errorCount" : 0,
    "errorPct" : 0.0,
    "meanResTime" : 142.93000000000004,
    "medianResTime" : 115.5,
    "minResTime" : 104.0,
    "maxResTime" : 757.0,
    "pct1ResTime" : 158.00000000000006,
    "pct2ResTime" : 186.24999999999983,
    "pct3ResTime" : 756.6399999999999,
    "throughput" : 34.04834865509023,
    "receivedKBytesPerSec" : 22.7498829588015,
    "sentKBytesPerSec" : 10.084828268641472
  },
  "books GET" : {
    "transaction" : "books GET",
    "sampleCount" : 100,
    "errorCount" : 0,
    "errorPct" : 0.0,
    "meanResTime" : 171.10999999999996,
    "medianResTime" : 137.5,
    "minResTime" : 113.0,
    "maxResTime" : 743.0,
    "pct1ResTime" : 188.4000000000001,
    "pct2ResTime" : 623.75,
    "pct3ResTime" : 742.6999999999998,
    "throughput" : 32.95978905735003,
    "receivedKBytesPerSec" : 35.70343399802241,
    "sentKBytesPerSec" : 6.376302941661174
  },
  "books DELETE" : {
    "transaction" : "books DELETE",
    "sampleCount" : 100,
    "errorCount" : 0,
    "errorPct" : 0.0,
    "meanResTime" : 187.70000000000007,
    "medianResTime" : 118.0,
    "minResTime" : 104.0,
    "maxResTime" : 746.0,
    "pct1ResTime" : 681.8,
    "pct2ResTime" : 714.8,
    "pct3ResTime" : 745.91,
    "throughput" : 32.77613897082924,
    "receivedKBytesPerSec" : 18.532602015732547,
    "sentKBytesPerSec" : 7.0449494018354635
  },
  "coverPhotos POST" : {
    "transaction" : "coverPhotos POST",
    "sampleCount" : 100,
    "errorCount" : 0,
    "errorPct" : 0.0,
    "meanResTime" : 115.53,
    "medianResTime" : 115.0,
    "minResTime" : 104.0,
    "maxResTime" : 206.0,
    "pct1ResTime" : 124.0,
    "pct2ResTime" : 128.0,
    "pct3ResTime" : 205.32999999999964,
    "throughput" : 39.41663381947182,
    "receivedKBytesPerSec" : 30.336180774536857,
    "sentKBytesPerSec" : 15.67427079227434
  },
  "users PUT" : {
    "transaction" : "users PUT",
    "sampleCount" : 100,
    "errorCount" : 0,
    "errorPct" : 0.0,
    "meanResTime" : 115.18000000000004,
    "medianResTime" : 115.0,