{
  "authors POST" : {
    "transaction" : "authors POST",
    "sampleCount" : 750,
    "errorCount" : 0,
    "errorPct" : 0.0,
    "meanResTime" : 113.09733333333324,
    "medianResTime" : 113.0,
    "minResTime" : 103.0,
    "maxResTime" : 141.0,
    "pct1ResTime" : 121.0,
    "pct2ResTime" : 123.0,
    "pct3ResTime" : 126.0,
    "throughput" : 6.374461358015247,
    "receivedKBytesPerSec" : 4.259185997220735,
    "sentKBytesPerSec" : 1.918563467324511
  },
  "activities DELETE " : {
    "transaction" : "activities DELETE ",
    "sampleCount" : 755,
    "errorCount" : 0,
    "errorPct" : 0.0,
    "meanResTime" : 112.99072847682125,
    "medianResTime" : 113.0,
    "minResTime" : 103.0,
    "maxResTime" : 128.0,
    "pct1ResTime" : 121.0,
    "pct2ResTime" : 122.19999999999993,
    "pct3ResTime" : 126.0,
    "throughput" : 6.36454065719151,
    "receivedKBytesPerSec" : 3.5987002348768398,
    "sentKBytesPerSec" : 1.3990760615295128
  },
  "users DELETE" : {
    "transaction" : "users DELETE",
    "sampleCount" : 737,
    "errorCount" : 0,
    "errorPct" : 0.0,
    "meanResTime" : 113.07055630936232,
    "medianResTime" : 112.0,
    "minResTime" : 103.0,
    "maxResTime" : 160.0,
    "pct1ResTime" : 121.0,
    "pct2ResTime" : 123.0,
    "pct3ResTime" : 127.0,
    "throughput" : 6.359423941462236,
    "receivedKBytesPerSec" : 3.59580709190101,
    "sentKBytesPerSec" : 1.366897626325599
  },
  "coverPhotos all GET" : {
    "transaction" : "coverPhotos all GET",
    "sampleCount" : 746,
    "errorCount" : 0,
    "errorPct" : 0.0,
    "meanResTime" : 114.66085790884723,
    "medianResTime" : 114.0,
    "minResTime" : 104.0,
    "maxResTime" : 160.0,
    "pct1ResTime" : 122.30000000000007,
    "pct2ResTime" : 124.0,
    "pct3ResTime" : 130.0,
    "throughput" : 6.3726369561689005,
    "receivedKBytesPerSec" : 131.35473460337596,
    "sentKBytesPerSec" : 1.2571022120567557
  },
  "coverPhotosCoverPhotosForBook  GET" : {
    "transaction" : "coverPhotosCoverPhotosForBook  GET",
    "sampleCount" : 744,
    "errorCount" : 0,
    "errorPct" : 0.0,
    "meanResTime" : 113.6370967741935,
    "medianResTime" : 113.0,
    "minResTime" : 104.0,
    "maxResTime" : 195.0,
    "pct1ResTime" : 122.0,
    "pct2ResTime" : 123.0,
    "pct3ResTime" : 127.54999999999995,
    "throughput" : 6.373519056307985,
    "receivedKBytesPerSec" : 4.521201695321802,
    "sentKBytesPerSec" : 1.251671148047253
  },
  "authors all GET" : {
    "transaction" : "authors all GET",
    "sampleCount" : 751,
    "errorCount" : 0,
    "errorPct" : 0.0,
    "meanResTime" : 225.3888149134489,
    "medianResTime" : 225.0,
    "minResTime" : 207.0,
    "maxResTime" : 253.0,
    "pct1ResTime" : 241.0,
    "pct2ResTime" : 244.0,
    "pct3ResTime" : 250.0,
    "throughput" : 6.347301340455383,
    "receivedKBytesPerSec" : 297.90661474796735,
    "sentKBytesPerSec" : 1.227310220127115
  },
  "authors DELETE" : {
    "transaction" : "authors DELETE",
    "sampleCount" : 750,
    "errorCount" : 0,
    "errorPct" : 0.0,
    "meanResTime" : 113.13066666666673,
    "medianResTime" : 113.0,
    "minResTime" : 103.0,
    "maxResTime" : 146.0,
    "pct1ResTime" : 121.0,
    "pct2ResTime" : 123.0,
    "pct3ResTime" : 128.49,
    "throughput" : 6.375328329408965,
    "receivedKBytesPerSec" : 3.604799905007608,
    "sentKBytesPerSec" : 1.382773849572003
  },
  "users all GET" : {
    "transaction" : "users all GET",
    "sampleCount" : 739,
    "errorCount" : 0,
    "errorPct" : 0.0,
    "meanResTime" : 113.2097428958051,
    "medianResTime" : 113.0,
    "minResTime" : 103.0,
    "maxResTime" : 201.0,
    "pct1ResTime" : 121.0,
    "pct2ResTime" : 123.0,
    "pct3ResTime" : 128.60000000000002,
    "throughput" : 6.371019190647792,
    "receivedKBytesPerSec" : 7.167396589478766,
    "sentKBytesPerSec" : 1.219452891959929
  },
  "books PUT" : {
    "transaction" : "books PUT",
    "sampleCount" : 748,
    "errorCount" : 0,
    "errorPct" : 0.0,
    "meanResTime" : 113.30748663101603,
    "medianResTime" : 113.0,
    "minResTime" : 104.0,
    "maxResTime" : 151.0,
    "pct1ResTime" : 121.0,
    "pct2ResTime" : 123.0,
    "pct3ResTime" : 129.0,
    "throughput" : 6.384595030599964,
    "receivedKBytesPerSec" : 4.822705189403963,
    "sentKBytesPerSec" : 2.5475630457420384
  },
  "books POST" : {
    "transaction" : "books POST",
    "sampleCount" : 748,
    "errorCount" : 0,
    "errorPct" : 0.0,
    "meanResTime" : 113.26069518716574,
    "medianResTime" : 113.0,
    "minResTime" : 104.0,
    "maxResTime" : 141.0,
    "pct1ResTime" : 121.0,
    "pct2ResTime" : 123.0,
    "pct3ResTime" : 127.50999999999999,
    "throughput" : 6.384867522534827,
    "receivedKBytesPerSec" : 4.822911020511814,
    "sentKBytesPerSec" : 2.5782310321206636
  },
  "activities GET" : {
    "transaction" : "activities GET",
    "sampleCount" : 761,
    "errorCount" : 0,
    "errorPct" : 0.0,
    "meanResTime" : 113.06044678055198,
    "medianResTime" : 113.0,
    "minResTime" : 104.0,
    "maxResTime" : 138.0,
    "pct1ResTime" : 121.0,
    "pct2ResTime" : 122.0,
    "pct3ResTime" : 126.0,
    "throughput" : 6.390447079372544,
    "receivedKBytesPerSec" : 4.4907573120654325,
    "sentKBytesPerSec" : 1.2674794551535051
  },
  "activities PUT " : {
    "transaction" : "activities PUT ",
    "sampleCount" : 756,
    "errorCount" : 0,
    "errorPct" : 0.0,
    "meanResTime" : 113.25132275132276,
    "medianResTime" : 113.0,
    "minResTime" : 104.0,
    "maxResTime" : 136.0,
    "pct1ResTime" : 121.0,
    "pct2ResTime" : 123.0,
    "pct3ResTime" : 126.0,
    "throughput" : 6.3623510401939,
    "receivedKBytesPerSec" : 4.392123211114758,
    "sentKBytesPerSec" : 2.050350597311991
  },
  "authors PUT" : {
    "transaction" : "authors PUT",
    "sampleCount" : 750,
    "errorCount" : 0,
    "errorPct" : 0.0,
    "meanResTime" : 113.27866666666668,
    "medianResTime" : 113.0,
    "minResTime" : 104.0,
    "maxResTime" : 144.0,
    "pct1ResTime" : 121.0,
    "pct2ResTime" : 123.0,
    "pct3ResTime" : 127.0,
    "throughput" : 6.3748948142355655,
    "receivedKBytesPerSec" : 4.259475617089818,
    "sentKBytesPerSec" : 1.8881890597242645
  },
  "books GET" : {
    "transaction" : "books GET",
    "sampleCount" : 749,
    "errorCount" : 0,
    "errorPct" : 0.0,
    "meanResTime" : 120.38451268357821,
    "medianResTime" : 120.0,
    "minResTime" : 107.0,
    "maxResTime" : 181.0,
    "pct1ResTime" : 129.0,
    "pct2ResTime" : 131.0,
    "pct3ResTime" : 136.5,
    "throughput" : 6.37143148797169,
    "receivedKBytesPerSec" : 6.9015146238813845,
    "sentKBytesPerSec" : 1.232590743985845
  },
  "books DELETE" : {
    "transaction" : "books DELETE",
    "sampleCount" : 748,
    "errorCount" : 0,
    "errorPct" : 0.0,
    "meanResTime" : 113.00267379679148,
    "medianResTime" : 113.0,
    "minResTime" : 103.0,
    "maxResTime" : 141.0,
    "pct1ResTime" : 121.0,
    "pct2ResTime" : 122.0,
    "pct3ResTime" : 126.0,
    "throughput" : 6.385140037730372,
    "receivedKBytesPerSec" : 3.610347736177623,
    "sentKBytesPerSec" : 1.3724243098414812
  },
  "coverPhotos POST" : {
    "transaction" : "coverPhotos POST",
    "sampleCount" : 739,
    "errorCount" : 0,
    "errorPct" : 0.0,
    "meanResTime" : 113.14614343707721,
    "medianResTime" : 113.0,
    "minResTime" : 103.0,
    "maxResTime" : 155.0,
    "pct1ResTime" : 121.0,
    "pct2ResTime" : 123.0,
    "pct3ResTime" : 125.60000000000002,
    "throughput" : 6.369371854099152,
    "receivedKBytesPerSec" : 4.902247123978659,
    "sentKBytesPerSec" : 2.5330157984554917
  },
  "users PUT" : {
    "transaction" : "users PUT",
    "sampleCount" : 737,
    "errorCount" : 0,
    "errorPct" : 0.0,
    "meanResTime" : 113.21981004070547,
    "medianResTime" : 113.0,
    "minResTime" : 103.0,
    "maxResTime" : 146.0,
    "pct1ResTime" : 121.0,
    "pct2ResTime" : 123.0,
    "pct3ResTime" : 130.62,
    "throughput" : 6.358984978300072,
    "receivedKBytesPerSec" : 4.243238590281193,